Date,Hour,Day_of_Week,Holiday_Flag,Patient_Inflow,Emergency_Cases,Doctors_Scheduled,Doctor_ID,Specialty,Shift_Type,Patients_Seen,Adjusted_Doctors,Shift_Change_Reason,Bed_Occupancy_Rate,Surgery_Count,Operating_Theater_Utilization,Patient_Satisfaction_Score
2023-02-01,0,Wednesday,0,18,0,6,D9,Emergency,Night,2,6,Normal Load,97,3,89,91
2023-02-01,0,Wednesday,0,18,0,6,D5,General,Night,4,6,Normal Load,74,8,73,72
2023-02-01,0,Wednesday,0,18,0,6,D5,Orthopedics,Night,2,6,Normal Load,78,3,53,79
2023-02-01,0,Wednesday,0,18,0,6,D8,General,Night,2,6,Normal Load,86,6,86,97
2023-02-01,0,Wednesday,0,18,0,6,D2,Emergency,Night,3,6,Normal Load,87,7,64,97
2023-02-01,0,Wednesday,0,18,0,6,D6,Emergency,Night,2,6,Normal Load,76,8,80,70
2023-02-01,1,Wednesday,0,26,0,5,D1,General,Night,6,6,High Inflow,72,5,56,61
2023-02-01,1,Wednesday,0,26,0,5,D6,Orthopedics,Night,5,6,High Inflow,71,6,93,85
2023-02-01,1,Wednesday,0,26,0,5,D7,Orthopedics,Night,6,6,High Inflow,95,4,76,98
2023-02-01,1,Wednesday,0,26,0,5,D10,Pediatrics,Night,6,6,High Inflow,96,4,77,89
2023-02-01,1,Wednesday,0,26,0,5,D2,Cardiology,Night,5,6,High Inflow,82,5,71,79
2023-02-01,2,Wednesday,0,23,3,3,D1,Cardiology,Night,6,3,Normal Load,76,2,91,60
2023-02-01,2,Wednesday,0,23,3,3,D8,Pediatrics,Night,8,3,Normal Load,91,5,56,83
2023-02-01,2,Wednesday,0,23,3,3,D6,General,Night,7,3,Normal Load,73,3,62,69
2023-02-01,3,Wednesday,0,21,2,6,D10,Orthopedics,Night,4,6,Normal Load,74,2,62,77
2023-02-01,3,Wednesday,0,21,2,6,D10,Cardiology,Night,3,6,Normal Load,70,8,56,78
2023-02-01,3,Wednesday,0,21,2,6,D3,General,Night,4,6,Normal Load,77,2,86,84
2023-02-01,3,Wednesday,0,21,2,6,D10,General,Night,4,6,Normal Load,74,13,62,80
2023-02-01,3,Wednesday,0,21,2,6,D9,Orthopedics,Night,4,6,Normal Load,78,3,79,61
2023-02-01,3,Wednesday,0,21,2,6,D10,Pediatrics,Night,3,6,Normal Load,94,2,57,90
2023-02-01,4,Wednesday,0,25,1,4,D1,Pediatrics,Night,5,4,Normal Load,74,4,64,63
2023-02-01,4,Wednesday,0,25,1,4,D3,Pediatrics,Night,5,4,Normal Load,99,4,99,63
2023-02-01,4,Wednesday,0,25,1,4,D1,Cardiology,Night,5,4,Normal Load,97,5,94,73
2023-02-01,4,Wednesday,0,25,1,4,D5,Cardiology,Night,6,4,Normal Load,70,2,61,93
2023-02-01,5,Wednesday,0,27,2,5,D4,Orthopedics,Night,5,6,High Inflow,86,5,69,79
2023-02-01,5,Wednesday,0,27,2,5,D1,Cardiology,Night,6,6,High Inflow,87,4,88,68
2023-02-01,5,Wednesday,0,27,2,5,D10,Pediatrics,Night,4,6,High Inflow,99,3,72,65
2023-02-01,5,Wednesday,0,27,2,5,D2,General,Night,6,6,High Inflow,72,4,62,85
2023-02-01,5,Wednesday,0,27,2,5,D7,General,Night,4,6,High Inflow,76,3,86,95
2023-02-01,6,Wednesday,0,22,2,6,D6,Pediatrics,Morning,4,6,Normal Load,83,4,99,98
2023-02-01,6,Wednesday,0,22,2,6,D10,Pediatrics,Morning,3,6,Normal Load,88,5,65,63
2023-02-01,6,Wednesday,0,22,2,6,D2,Cardiology,Morning,3,6,Normal Load,95,4,52,83
2023-02-01,6,Wednesday,0,22,2,6,D1,Pediatrics,Morning,3,6,Normal Load,80,6,73,68
2023-02-01,6,Wednesday,0,22,2,6,D6,Pediatrics,Morning,2,6,Normal Load,77,4,53,95
2023-02-01,6,Wednesday,0,22,2,6,D1,Orthopedics,Morning,3,6,Normal Load,88,8,79,82
2023-02-01,7,Wednesday,0,26,3,3,D3,Pediatrics,Morning,9,4,High Inflow,83,5,56,79
2023-02-01,7,Wednesday,0,26,3,3,D9,Pediatrics,Morning,7,4,High Inflow,94,5,79,99
2023-02-01,7,Wednesday,0,26,3,3,D6,Pediatrics,Morning,9,4,High Inflow,98,9,68,66
2023-02-01,8,Wednesday,0,25,6,5,D5,General,Morning,4,5,Normal Load,79,3,55,72
2023-02-01,8,Wednesday,0,25,6,5,D3,Cardiology,Morning,5,5,Normal Load,82,7,56,76
2023-02-01,8,Wednesday,0,25,6,5,D6,Pediatrics,Morning,4,5,Normal Load,84,1,96,62
2023-02-01,8,Wednesday,0,25,6,5,D3,General,Morning,6,5,Normal Load,71,2,77,83
2023-02-01,8,Wednesday,0,25,6,5,D2,Orthopedics,Morning,4,5,Normal Load,75,0,55,80
2023-02-01,9,Wednesday,0,23,0,5,D9,Emergency,Morning,3,5,Normal Load,76,8,88,95
2023-02-01,9,Wednesday,0,23,0,5,D5,Pediatrics,Morning,4,5,Normal Load,84,6,90,64
2023-02-01,9,Wednesday,0,23,0,5,D7,Pediatrics,Morning,3,5,Normal Load,77,4,90,71
2023-02-01,9,Wednesday,0,23,0,5,D5,General,Morning,3,5,Normal Load,88,6,73,77
2023-02-01,9,Wednesday,0,23,0,5,D5,Orthopedics,Morning,3,5,Normal Load,96,3,51,68
2023-02-01,10,Wednesday,0,21,1,6,D5,Pediatrics,Morning,4,6,Normal Load,80,3,94,96
2023-02-01,10,Wednesday,0,21,1,6,D7,Emergency,Morning,3,6,Normal Load,94,3,82,83
2023-02-01,10,Wednesday,0,21,1,6,D10,Orthopedics,Morning,4,6,Normal Load,82,8,67,97
2023-02-01,10,Wednesday,0,21,1,6,D7,General,Morning,4,6,Normal Load,94,2,76,98
2023-02-01,10,Wednesday,0,21,1,6,D4,Orthopedics,Morning,4,6,Normal Load,94,7,56,65
2023-02-01,10,Wednesday,0,21,1,6,D4,Cardiology,Morning,2,6,Normal Load,85,2,53,78
2023-02-01,11,Wednesday,0,16,0,3,D5,Orthopedics,Morning,4,3,Normal Load,79,1,87,98
2023-02-01,11,Wednesday,0,16,0,3,D2,Emergency,Morning,6,3,Normal Load,99,4,50,91
2023-02-01,11,Wednesday,0,16,0,3,D8,General,Morning,5,3,Normal Load,92,3,53,60
2023-02-01,12,Wednesday,0,19,3,3,D1,Cardiology,Morning,6,3,Normal Load,99,7,93,98
2023-02-01,12,Wednesday,0,19,3,3,D6,Pediatrics,Morning,7,3,Normal Load,87,9,78,91
2023-02-01,12,Wednesday,0,19,3,3,D5,Emergency,Morning,6,3,Normal Load,80,8,67,84
2023-02-01,13,Wednesday,0,25,3,5,D6,General,Morning,5,5,Normal Load,77,3,70,93
2023-02-01,13,Wednesday,0,25,3,5,D3,Pediatrics,Morning,6,5,Normal Load,79,7,96,74
2023-02-01,13,Wednesday,0,25,3,5,D9,Pediatrics,Morning,4,5,Normal Load,78,7,62,80
2023-02-01,13,Wednesday,0,25,3,5,D8,General,Morning,5,5,Normal Load,96,4,57,93
2023-02-01,13,Wednesday,0,25,3,5,D5,General,Morning,4,5,Normal Load,94,7,71,94
2023-02-01,14,Wednesday,0,27,6,3,D6,Pediatrics,Evening,10,4,High Inflow,85,6,96,65
2023-02-01,14,Wednesday,0,27,6,3,D3,Cardiology,Evening,8,4,High Inflow,90,4,98,60
2023-02-01,14,Wednesday,0,27,6,3,D8,General,Evening,10,4,High Inflow,75,6,60,79
2023-02-01,15,Wednesday,0,25,2,5,D4,Emergency,Evening,4,5,Normal Load,70,6,58,72
2023-02-01,15,Wednesday,0,25,2,5,D10,Orthopedics,Evening,6,5,Normal Load,79,6,73,68
2023-02-01,15,Wednesday,0,25,2,5,D1,Pediatrics,Evening,6,5,Normal Load,78,4,69,62
2023-02-01,15,Wednesday,0,25,2,5,D3,Emergency,Evening,6,5,Normal Load,87,4,53,92
2023-02-01,15,Wednesday,0,25,2,5,D3,Orthopedics,Evening,6,5,Normal Load,80,7,61,61
2023-02-01,16,Wednesday,0,29,3,6,D5,Cardiology,Evening,5,7,High Inflow,98,7,83,61
2023-02-01,16,Wednesday,0,29,3,6,D2,Emergency,Evening,4,7,High Inflow,77,2,78,93
2023-02-01,16,Wednesday,0,29,3,6,D2,Emergency,Evening,5,7,High Inflow,82,4,74,75
2023-02-01,16,Wednesday,0,29,3,6,D10,General,Evening,5,7,High Inflow,93,4,55,67
2023-02-01,16,Wednesday,0,29,3,6,D10,General,Evening,3,7,High Inflow,85,3,86,94
2023-02-01,16,Wednesday,0,29,3,6,D2,Orthopedics,Evening,3,7,High Inflow,98,4,61,79
2023-02-01,17,Wednesday,0,21,2,6,D6,Orthopedics,Evening,3,6,Normal Load,86,2,72,85
2023-02-01,17,Wednesday,0,21,2,6,D10,Emergency,Evening,2,6,Normal Load,78,4,77,66
2023-02-01,17,Wednesday,0,21,2,6,D6,General,Evening,3,6,Normal Load,86,7,86,69
2023-02-01,17,Wednesday,0,21,2,6,D6,General,Evening,3,6,Normal Load,83,4,87,87
2023-02-01,17,Wednesday,0,21,2,6,D6,Emergency,Evening,3,6,Normal Load,93,2,64,75
2023-02-01,17,Wednesday,0,21,2,6,D10,Emergency,Evening,3,6,Normal Load,86,9,60,87
2023-02-01,18,Wednesday,0,21,1,3,D6,Cardiology,Evening,8,3,Normal Load,70,4,81,91
2023-02-01,18,Wednesday,0,21,1,3,D1,Cardiology,Evening,8,3,Normal Load,70,2,63,66
2023-02-01,18,Wednesday,0,21,1,3,D9,General,Evening,7,3,Normal Load,95,5,54,77
2023-02-01,19,Wednesday,0,29,5,3,D1,Emergency,Evening,9,4,High Inflow,81,8,62,62
2023-02-01,19,Wednesday,0,29,5,3,D5,General,Evening,9,4,High Inflow,74,6,99,79
2023-02-01,19,Wednesday,0,29,5,3,D7,Cardiology,Evening,9,4,High Inflow,94,4,64,74
2023-02-01,20,Wednesday,0,23,2,4,D1,Emergency,Evening,5,4,Normal Load,89,3,81,76
2023-02-01,20,Wednesday,0,23,2,4,D5,Cardiology,Evening,5,4,Normal Load,73,7,54,86
2023-02-01,20,Wednesday,0,23,2,4,D9,Cardiology,Evening,6,4,Normal Load,96,2,91,64
2023-02-01,20,Wednesday,0,23,2,4,D2,Emergency,Evening,4,4,Normal Load,74,4,85,81
2023-02-01,21,Wednesday,0,27,2,4,D10,Emergency,Evening,6,5,High Inflow,98,4,82,69
2023-02-01,21,Wednesday,0,27,2,4,D5,Pediatrics,Evening,6,5,High Inflow,80,2,63,87
2023-02-01,21,Wednesday,0,27,2,4,D8,Emergency,Evening,7,5,High Inflow,81,5,94,96
2023-02-01,21,Wednesday,0,27,2,4,D3,Pediatrics,Evening,6,5,High Inflow,83,10,73,98
2023-02-01,22,Wednesday,0,25,5,6,D1,Cardiology,Night,4,6,Normal Load,98,1,62,70
2023-02-01,22,Wednesday,0,25,5,6,D4,General,Night,5,6,Normal Load,82,7,74,87
2023-02-01,22,Wednesday,0,25,5,6,D7,Pediatrics,Night,4,6,Normal Load,93,10,84,76
2023-02-01,22,Wednesday,0,25,5,6,D5,Cardiology,Night,4,6,Normal Load,87,3,78,90
2023-02-01,22,Wednesday,0,25,5,6,D9,Orthopedics,Night,4,6,Normal Load,87,8,52,90
2023-02-01,22,Wednesday,0,25,5,6,D9,Orthopedics,Night,5,6,Normal Load,82,5,64,62
2023-02-01,23,Wednesday,0,17,2,5,D7,General,Night,4,5,Normal Load,79,6,91,85
2023-02-01,23,Wednesday,0,17,2,5,D1,Emergency,Night,2,5,Normal Load,86,4,96,76
2023-02-01,23,Wednesday,0,17,2,5,D8,Pediatrics,Night,3,5,Normal Load,88,5,99,82
2023-02-01,23,Wednesday,0,17,2,5,D8,Cardiology,Night,4,5,Normal Load,76,3,81,88
2023-02-01,23,Wednesday,0,17,2,5,D5,Orthopedics,Night,4,5,Normal Load,97,5,90,65
2023-02-02,0,Thursday,0,31,5,6,D7,Orthopedics,Night,6,7,High Inflow,77,5,81,77
2023-02-02,0,Thursday,0,31,5,6,D8,Cardiology,Night,5,7,High Inflow,85,9,68,72
2023-02-02,0,Thursday,0,31,5,6,D1,Orthopedics,Night,5,7,High Inflow,91,4,64,62
2023-02-02,0,Thursday,0,31,5,6,D8,Pediatrics,Night,6,7,High Inflow,88,5,50,94
2023-02-02,0,Thursday,0,31,5,6,D5,Pediatrics,Night,4,7,High Inflow,80,3,95,73
2023-02-02,0,Thursday,0,31,5,6,D4,Pediatrics,Night,6,7,High Inflow,76,4,50,79
2023-02-02,1,Thursday,0,26,1,3,D8,Emergency,Night,8,4,High Inflow,76,10,86,77
2023-02-02,1,Thursday,0,26,1,3,D8,Emergency,Night,8,4,High Inflow,78,3,85,97
2023-02-02,1,Thursday,0,26,1,3,D10,Pediatrics,Night,8,4,High Inflow,94,5,78,96
2023-02-02,2,Thursday,0,19,4,6,D6,Cardiology,Night,3,6,Normal Load,72,2,79,61
2023-02-02,2,Thursday,0,19,4,6,D1,Cardiology,Night,4,6,Normal Load,84,6,74,91
2023-02-02,2,Thursday,0,19,4,6,D4,General,Night,3,6,Normal Load,86,6,78,85
2023-02-02,2,Thursday,0,19,4,6,D2,Cardiology,Night,3,6,Normal Load,75,8,95,69
2023-02-02,2,Thursday,0,19,4,6,D8,Orthopedics,Night,2,6,Normal Load,81,3,99,82
2023-02-02,2,Thursday,0,19,4,6,D7,General,Night,3,6,Normal Load,77,3,57,87
2023-02-02,3,Thursday,0,23,2,6,D9,Pediatrics,Night,3,6,Normal Load,73,5,50,60
2023-02-02,3,Thursday,0,23,2,6,D1,Cardiology,Night,2,6,Normal Load,80,5,61,94
2023-02-02,3,Thursday,0,23,2,6,D9,Orthopedics,Night,2,6,Normal Load,81,4,88,64
2023-02-02,3,Thursday,0,23,2,6,D2,Emergency,Night,4,6,Normal Load,95,1,81,66
2023-02-02,3,Thursday,0,23,2,6,D4,Cardiology,Night,3,6,Normal Load,72,6,75,60
2023-02-02,3,Thursday,0,23,2,6,D8,Emergency,Night,3,6,Normal Load,95,6,77,64
2023-02-02,4,Thursday,0,21,3,6,D10,Emergency,Night,2,6,Normal Load,88,3,78,97
2023-02-02,4,Thursday,0,21,3,6,D7,General,Night,4,6,Normal Load,70,5,60,96
2023-02-02,4,Thursday,0,21,3,6,D4,Cardiology,Night,3,6,Normal Load,91,3,84,68
2023-02-02,4,Thursday,0,21,3,6,D1,Cardiology,Night,4,6,Normal Load,74,7,74,93
2023-02-02,4,Thursday,0,21,3,6,D7,Emergency,Night,2,6,Normal Load,88,4,68,83
2023-02-02,4,Thursday,0,21,3,6,D3,General,Night,3,6,Normal Load,98,6,93,68
2023-02-02,5,Thursday,0,20,2,3,D4,General,Night,7,3,Normal Load,77,7,84,77
2023-02-02,5,Thursday,0,20,2,3,D6,Pediatrics,Night,7,3,Normal Load,75,7,86,62
2023-02-02,5,Thursday,0,20,2,3,D5,Emergency,Night,7,3,Normal Load,83,8,50,72
2023-02-02,6,Thursday,0,21,1,6,D5,Emergency,Morning,4,6,Normal Load,88,3,62,99
2023-02-02,6,Thursday,0,21,1,6,D8,Pediatrics,Morning,2,6,Normal Load,74,2,84,85
2023-02-02,6,Thursday,0,21,1,6,D1,Cardiology,Morning,3,6,Normal Load,83,4,63,91
2023-02-02,6,Thursday,0,21,1,6,D4,General,Morning,2,6,Normal Load,99,1,87,77
2023-02-02,6,Thursday,0,21,1,6,D1,General,Morning,2,6,Normal Load,84,3,80,89
2023-02-02,6,Thursday,0,21,1,6,D8,Pediatrics,Morning,3,6,Normal Load,70,5,76,99
2023-02-02,7,Thursday,0,31,3,3,D3,Pediatrics,Morning,10,4,High Inflow,90,4,75,87
2023-02-02,7,Thursday,0,31,3,3,D3,General,Morning,10,4,High Inflow,78,7,69,67
2023-02-02,7,Thursday,0,31,3,3,D3,Orthopedics,Morning,10,4,High Inflow,83,7,55,60
2023-02-02,8,Thursday,0,23,1,3,D2,Pediatrics,Morning,7,3,Normal Load,79,10,53,85
2023-02-02,8,Thursday,0,23,1,3,D5,Orthopedics,Morning,8,3,Normal Load,78,5,61,91
2023-02-02,8,Thursday,0,23,1,3,D2,Emergency,Morning,8,3,Normal Load,70,2,55,80
2023-02-02,9,Thursday,0,25,3,5,D8,Pediatrics,Morning,4,5,Normal Load,81,9,70,83
2023-02-02,9,Thursday,0,25,3,5,D3,Orthopedics,Morning,5,5,Normal Load,72,4,85,73
2023-02-02,9,Thursday,0,25,3,5,D10,Emergency,Morning,6,5,Normal Load,78,6,81,92
2023-02-02,9,Thursday,0,25,3,5,D10,Pediatrics,Morning,6,5,Normal Load,86,3,71,71
2023-02-02,9,Thursday,0,25,3,5,D7,General,Morning,5,5,Normal Load,85,5,96,65
2023-02-02,10,Thursday,0,24,2,6,D5,Cardiology,Morning,3,6,Normal Load,77,4,82,95
2023-02-02,10,Thursday,0,24,2,6,D1,Emergency,Morning,4,6,Normal Load,79,3,56,70
2023-02-02,10,Thursday,0,24,2,6,D8,Orthopedics,Morning,3,6,Normal Load,76,6,73,66
2023-02-02,10,Thursday,0,24,2,6,D10,General,Morning,5,6,Normal Load,72,4,50,84
2023-02-02,10,Thursday,0,24,2,6,D3,General,Morning,4,6,Normal Load,97,4,81,93
2023-02-02,10,Thursday,0,24,2,6,D6,Orthopedics,Morning,4,6,Normal Load,81,4,74,96
2023-02-02,11,Thursday,0,24,3,6,D4,Cardiology,Morning,5,6,Normal Load,82,4,52,67
2023-02-02,11,Thursday,0,24,3,6,D1,Orthopedics,Morning,3,6,Normal Load,94,7,64,73
2023-02-02,11,Thursday,0,24,3,6,D6,Emergency,Morning,3,6,Normal Load,93,4,87,65
2023-02-02,11,Thursday,0,24,3,6,D2,Orthopedics,Morning,4,6,Normal Load,85,6,66,82
2023-02-02,11,Thursday,0,24,3,6,D3,Orthopedics,Morning,5,6,Normal Load,75,9,66,98
2023-02-02,11,Thursday,0,24,3,6,D5,Emergency,Morning,4,6,Normal Load,86,4,61,74
2023-02-02,12,Thursday,0,26,2,4,D6,Orthopedics,Morning,6,5,High Inflow,73,7,94,82
2023-02-02,12,Thursday,0,26,2,4,D8,Orthopedics,Morning,6,5,High Inflow,79,6,62,73
2023-02-02,12,Thursday,0,26,2,4,D1,General,Morning,7,5,High Inflow,90,5,87,77
2023-02-02,12,Thursday,0,26,2,4,D8,Orthopedics,Morning,6,5,High Inflow,87,2,54,89
2023-02-02,13,Thursday,0,24,3,3,D5,Pediatrics,Morning,9,3,Normal Load,82,10,93,66
2023-02-02,13,Thursday,0,24,3,3,D6,Orthopedics,Morning,9,3,Normal Load,77,4,93,92
2023-02-02,13,Thursday,0,24,3,3,D5,General,Morning,9,3,Normal Load,71,3,88,69
2023-02-02,14,Thursday,0,25,2,6,D1,General,Evening,4,6,Normal Load,76,5,80,83
2023-02-02,14,Thursday,0,25,2,6,D9,Cardiology,Evening,3,6,Normal Load,94,6,96,98
2023-02-02,14,Thursday,0,25,2,6,D3,Cardiology,Evening,5,6,Normal Load,82,10,88,95
2023-02-02,14,Thursday,0,25,2,6,D1,Emergency,Evening,4,6,Normal Load,96,2,83,97
2023-02-02,14,Thursday,0,25,2,6,D1,Emergency,Evening,3,6,Normal Load,87,5,98,91
2023-02-02,14,Thursday,0,25,2,6,D4,Emergency,Evening,3,6,Normal Load,91,3,73,77
2023-02-02,15,Thursday,0,21,1,5,D3,Emergency,Evening,4,5,Normal Load,91,8,74,90
2023-02-02,15,Thursday,0,21,1,5,D5,Emergency,Evening,3,5,Normal Load,78,6,74,71
2023-02-02,15,Thursday,0,21,1,5,D2,Emergency,Evening,3,5,Normal Load,90,1,84,79
2023-02-02,15,Thursday,0,21,1,5,D8,General,Evening,4,5,Normal Load,78,7,70,98
2023-02-02,15,Thursday,0,21,1,5,D7,Emergency,Evening,4,5,Normal Load,94,8,76,68
2023-02-02,16,Thursday,0,26,2,4,D6,Orthopedics,Evening,6,5,High Inflow,89,6,91,76
2023-02-02,16,Thursday,0,26,2,4,D6,Pediatrics,Evening,6,5,High Inflow,93,5,60,89
2023-02-02,16,Thursday,0,26,2,4,D8,Cardiology,Evening,5,5,High Inflow,70,5,99,73
2023-02-02,16,Thursday,0,26,2,4,D7,General,Evening,7,5,High Inflow,73,5,73,78
2023-02-02,17,Thursday,0,22,1,5,D8,Pediatrics,Evening,4,5,Normal Load,93,4,63,83
2023-02-02,17,Thursday,0,22,1,5,D7,Cardiology,Evening,3,5,Normal Load,89,4,60,85
2023-02-02,17,Thursday,0,22,1,5,D7,Pediatrics,Evening,5,5,Normal Load,81,4,78,81
2023-02-02,17,Thursday,0,22,1,5,D2,Emergency,Evening,5,5,Normal Load,78,2,66,94
2023-02-02,17,Thursday,0,22,1,5,D7,Cardiology,Evening,5,5,Normal Load,85,5,84,67
2023-02-02,18,Thursday,0,27,3,3,D1,Cardiology,Evening,10,4,High Inflow,95,6,80,71
2023-02-02,18,Thursday,0,27,3,3,D10,Pediatrics,Evening,9,4,High Inflow,77,5,66,91
2023-02-02,18,Thursday,0,27,3,3,D1,Emergency,Evening,10,4,High Inflow,70,3,75,63
2023-02-02,19,Thursday,0,21,1,4,D3,Emergency,Evening,5,4,Normal Load,92,5,68,86
2023-02-02,19,Thursday,0,21,1,4,D4,Pediatrics,Evening,6,4,Normal Load,78,4,59,85
2023-02-02,19,Thursday,0,21,1,4,D1,Pediatrics,Evening,4,4,Normal Load,94,3,77,66
2023-02-02,19,Thursday,0,21,1,4,D5,Cardiology,Evening,5,4,Normal Load,75,7,65,99
2023-02-02,20,Thursday,0,24,2,5,D4,Emergency,Evening,4,5,Normal Load,70,7,58,79
2023-02-02,20,Thursday,0,24,2,5,D5,General,Evening,5,5,Normal Load,97,8,58,77
2023-02-02,20,Thursday,0,24,2,5,D9,Pediatrics,Evening,5,5,Normal Load,90,2,88,60
2023-02-02,20,Thursday,0,24,2,5,D1,General,Evening,3,5,Normal Load,86,4,79,99
2023-02-02,20,Thursday,0,24,2,5,D9,General,Evening,5,5,Normal Load,98,3,96,66
2023-02-02,21,Thursday,0,23,0,4,D2,Pediatrics,Evening,6,4,Normal Load,90,2,73,62
2023-02-02,21,Thursday,0,23,0,4,D10,Pediatrics,Evening,6,4,Normal Load,73,6,89,63
2023-02-02,21,Thursday,0,23,0,4,D5,Orthopedics,Evening,6,4,Normal Load,73,3,59,62
2023-02-02,21,Thursday,0,23,0,4,D2,Pediatrics,Evening,6,4,Normal Load,94,3,72,71
2023-02-02,22,Thursday,0,23,3,5,D8,Emergency,Night,3,5,Normal Load,90,2,91,86
2023-02-02,22,Thursday,0,23,3,5,D2,General,Night,3,5,Normal Load,72,9,80,99
2023-02-02,22,Thursday,0,23,3,5,D7,Pediatrics,Night,5,5,Normal Load,78,5,80,90
2023-02-02,22,Thursday,0,23,3,5,D8,General,Night,4,5,Normal Load,70,7,84,97
2023-02-02,22,Thursday,0,23,3,5,D7,Cardiology,Night,4,5,Normal Load,78,1,69,85
2023-02-02,23,Thursday,0,29,3,4,D7,Pediatrics,Night,8,5,High Inflow,70,2,70,79
2023-02-02,23,Thursday,0,29,3,4,D3,Pediatrics,Night,6,5,High Inflow,80,3,84,98
2023-02-02,23,Thursday,0,29,3,4,D8,Emergency,Night,7,5,High Inflow,70,6,86,61
2023-02-02,23,Thursday,0,29,3,4,D9,Cardiology,Night,6,5,High Inflow,71,2,99,70
2023-02-03,0,Friday,0,26,3,3,D4,Cardiology,Night,8,4,High Inflow,90,4,60,91
2023-02-03,0,Friday,0,26,3,3,D9,Emergency,Night,9,4,High Inflow,75,1,88,64
2023-02-03,0,Friday,0,26,3,3,D7,Pediatrics,Night,9,4,High Inflow,98,4,74,89
2023-02-03,1,Friday,0,22,3,6,D9,Emergency,Night,2,6,Normal Load,80,3,60,90
2023-02-03,1,Friday,0,22,3,6,D4,Pediatrics,Night,4,6,Normal Load,78,2,98,85
2023-02-03,1,Friday,0,22,3,6,D4,Emergency,Night,2,6,Normal Load,88,5,83,99
2023-02-03,1,Friday,0,22,3,6,D2,Orthopedics,Night,3,6,Normal Load,83,4,98,92
2023-02-03,1,Friday,0,22,3,6,D1,Emergency,Night,4,6,Normal Load,70,7,96,61
2023-02-03,1,Friday,0,22,3,6,D2,General,Night,4,6,Normal Load,91,3,73,71
2023-02-03,2,Friday,0,31,1,3,D7,Emergency,Night,9,4,High Inflow,87,2,91,73
2023-02-03,2,Friday,0,31,1,3,D4,Pediatrics,Night,11,4,High Inflow,94,9,94,80
2023-02-03,2,Friday,0,31,1,3,D2,Pediatrics,Night,11,4,High Inflow,83,6,71,67
2023-02-03,3,Friday,0,26,3,4,D8,General,Night,5,5,High Inflow,79,4,71,79
2023-02-03,3,Friday,0,26,3,4,D9,Cardiology,Night,6,5,High Inflow,77,3,84,77
2023-02-03,3,Friday,0,26,3,4,D7,General,Night,6,5,High Inflow,98,4,65,86
2023-02-03,3,Friday,0,26,3,4,D3,Orthopedics,Night,6,5,High Inflow,87,5,76,75
2023-02-03,4,Friday,0,29,2,3,D4,Orthopedics,Night,10,4,High Inflow,86,4,81,74
2023-02-03,4,Friday,0,29,2,3,D5,Pediatrics,Night,8,4,High Inflow,94,4,87,91
2023-02-03,4,Friday,0,29,2,3,D8,Orthopedics,Night,8,4,High Inflow,75,5,63,67
2023-02-03,5,Friday,0,23,3,3,D6,Orthopedics,Night,8,3,Normal Load,94,2,89,60
2023-02-03,5,Friday,0,23,3,3,D5,Pediatrics,Night,7,3,Normal Load,90,5,53,82
2023-02-03,5,Friday,0,23,3,3,D2,Orthopedics,Night,8,3,Normal Load,83,7,56,89
2023-02-03,6,Friday,0,22,0,4,D10,General,Morning,6,4,Normal Load,83,2,57,67
2023-02-03,6,Friday,0,22,0,4,D5,Cardiology,Morning,4,4,Normal Load,87,11,62,84
2023-02-03,6,Friday,0,22,0,4,D9,Pediatrics,Morning,6,4,Normal Load,93,7,76,69
2023-02-03,6,Friday,0,22,0,4,D4,Cardiology,Morning,5,4,Normal Load,78,4,63,71
2023-02-03,7,Friday,0,30,4,3,D3,Emergency,Morning,11,4,High Inflow,74,8,82,67
2023-02-03,7,Friday,0,30,4,3,D10,Cardiology,Morning,11,4,High Inflow,85,4,50,74
2023-02-03,7,Friday,0,30,4,3,D6,Emergency,Morning,11,4,High Inflow,80,6,75,78
2023-02-03,8,Friday,0,30,5,5,D3,Cardiology,Morning,7,6,High Inflow,99,5,83,80
2023-02-03,8,Friday,0,30,5,5,D9,Emergency,Morning,5,6,High Inflow,71,3,85,63
2023-02-03,8,Friday,0,30,5,5,D10,Emergency,Morning,7,6,High Inflow,73,4,63,67
2023-02-03,8,Friday,0,30,5,5,D8,General,Morning,5,6,High Inflow,84,5,93,99
2023-02-03,8,Friday,0,30,5,5,D8,Emergency,Morning,6,6,High Inflow,71,2,94,68
2023-02-03,9,Friday,0,28,3,5,D6,Cardiology,Morning,6,6,High Inflow,97,5,69,62
2023-02-03,9,Friday,0,28,3,5,D4,General,Morning,6,6,High Inflow,96,2,86,62
2023-02-03,9,Friday,0,28,3,5,D8,Emergency,Morning,6,6,High Inflow,96,5,96,76
2023-02-03,9,Friday,0,28,3,5,D2,General,Morning,6,6,High Inflow,88,4,65,74
2023-02-03,9,Friday,0,28,3,5,D3,Emergency,Morning,6,6,High Inflow,81,6,70,85
2023-02-03,10,Friday,0,25,2,4,D8,Pediatrics,Morning,5,4,Normal Load,84,3,67,93
2023-02-03,10,Friday,0,25,2,4,D1,Cardiology,Morning,7,4,Normal Load,98,6,71,87
2023-02-03,10,Friday,0,25,2,4,D9,Cardiology,Morning,6,4,Normal Load,79,7,79,87
2023-02-03,10,Friday,0,25,2,4,D5,Pediatrics,Morning,7,4,Normal Load,77,8,75,90
2023-02-03,11,Friday,0,27,5,5,D8,Emergency,Morning,4,6,High Inflow,85,6,69,64
2023-02-03,11,Friday,0,27,5,5,D10,Cardiology,Morning,5,6,High Inflow,84,4,50,86
2023-02-03,11,Friday,0,27,5,5,D4,Pediatrics,Morning,6,6,High Inflow,98,3,66,88
2023-02-03,11,Friday,0,27,5,5,D7,Cardiology,Morning,4,6,High Inflow,91,4,97,68
2023-02-03,11,Friday,0,27,5,5,D8,General,Morning,6,6,High Inflow,81,4,77,66
2023-02-03,12,Friday,0,24,1,3,D2,Orthopedics,Morning,7,3,Normal Load,96,7,67,62
2023-02-03,12,Friday,0,24,1,3,D9,Orthopedics,Morning,7,3,Normal Load,96,3,80,81
2023-02-03,12,Friday,0,24,1,3,D1,Emergency,Morning,8,3,Normal Load,88,4,96,79
2023-02-03,13,Friday,0,28,3,4,D5,Cardiology,Morning,8,5,High Inflow,90,8,99,93
2023-02-03,13,Friday,0,28,3,4,D6,Pediatrics,Morning,6,5,High Inflow,83,1,75,79
2023-02-03,13,Friday,0,28,3,4,D4,Cardiology,Morning,6,5,High Inflow,90,1,63,65
2023-02-03,13,Friday,0,28,3,4,D2,Cardiology,Morning,8,5,High Inflow,96,5,92,61
2023-02-03,14,Friday,0,24,1,6,D1,Orthopedics,Evening,5,6,Normal Load,90,1,61,75
2023-02-03,14,Friday,0,24,1,6,D9,Pediatrics,Evening,3,6,Normal Load,90,7,74,71
2023-02-03,14,Friday,0,24,1,6,D2,Pediatrics,Evening,4,6,Normal Load,95,7,80,97
2023-02-03,14,Friday,0,24,1,6,D4,Orthopedics,Evening,5,6,Normal Load,88,9,66,84
2023-02-03,14,Friday,0,24,1,6,D8,Cardiology,Evening,5,6,Normal Load,70,6,64,83
2023-02-03,14,Friday,0,24,1,6,D10,Cardiology,Evening,3,6,Normal Load,70,3,60,63
2023-02-03,15,Friday,0,28,3,3,D10,Pediatrics,Evening,10,4,High Inflow,98,3,77,93
2023-02-03,15,Friday,0,28,3,3,D4,Orthopedics,Evening,9,4,High Inflow,73,3,76,72
2023-02-03,15,Friday,0,28,3,3,D6,Cardiology,Evening,10,4,High Inflow,82,6,64,79
2023-02-03,16,Friday,0,30,3,4,D7,Cardiology,Evening,6,5,High Inflow,75,6,96,66
2023-02-03,16,Friday,0,30,3,4,D2,General,Evening,6,5,High Inflow,93,4,62,83
2023-02-03,16,Friday,0,30,3,4,D8,General,Evening,8,5,High Inflow,82,9,80,97
2023-02-03,16,Friday,0,30,3,4,D8,General,Evening,6,5,High Inflow,92,6,68,76
2023-02-03,17,Friday,0,22,4,5,D3,Orthopedics,Evening,5,5,Normal Load,82,6,68,82
2023-02-03,17,Friday,0,22,4,5,D2,General,Evening,4,5,Normal Load,78,2,84,84
2023-02-03,17,Friday,0,22,4,5,D8,Orthopedics,Evening,3,5,Normal Load,82,4,90,93
2023-02-03,17,Friday,0,22,4,5,D2,Pediatrics,Evening,4,5,Normal Load,85,4,70,65
2023-02-03,17,Friday,0,22,4,5,D2,Cardiology,Evening,3,5,Normal Load,83,4,50,79
2023-02-03,18,Friday,0,23,4,3,D4,Emergency,Evening,6,3,Normal Load,94,6,75,95
2023-02-03,18,Friday,0,23,4,3,D4,Cardiology,Evening,6,3,Normal Load,96,3,68,75
2023-02-03,18,Friday,0,23,4,3,D5,Orthopedics,Evening,8,3,Normal Load,98,2,64,66
2023-02-03,19,Friday,0,32,3,5,D9,Pediatrics,Evening,6,6,High Inflow,78,1,51,98
2023-02-03,19,Friday,0,32,3,5,D1,General,Evening,6,6,High Inflow,82,10,54,84
2023-02-03,19,Friday,0,32,3,5,D7,Pediatrics,Evening,5,6,High Inflow,74,5,76,84
2023-02-03,19,Friday,0,32,3,5,D4,Cardiology,Evening,7,6,High Inflow,72,7,59,91
2023-02-03,19,Friday,0,32,3,5,D3,Pediatrics,Evening,7,6,High Inflow,99,6,78,84
2023-02-03,20,Friday,0,30,2,4,D4,Emergency,Evening,8,5,High Inflow,78,3,86,80
2023-02-03,20,Friday,0,30,2,4,D6,General,Evening,7,5,High Inflow,74,3,73,88
2023-02-03,20,Friday,0,30,2,4,D1,Pediatrics,Evening,8,5,High Inflow,91,8,91,96
2023-02-03,20,Friday,0,30,2,4,D1,Cardiology,Evening,8,5,High Inflow,81,6,77,76
2023-02-03,21,Friday,0,17,0,4,D5,Emergency,Evening,5,4,Normal Load,87,2,85,64
2023-02-03,21,Friday,0,17,0,4,D4,General,Evening,4,4,Normal Load,89,3,71,96
2023-02-03,21,Friday,0,17,0,4,D10,General,Evening,4,4,Normal Load,94,5,79,77
2023-02-03,21,Friday,0,17,0,4,D8,General,Evening,3,4,Normal Load,88,4,60,89
2023-02-03,22,Friday,0,24,4,3,D2,Emergency,Night,9,3,Normal Load,88,4,76,62
2023-02-03,22,Friday,0,24,4,3,D1,Emergency,Night,9,3,Normal Load,91,6,63,81
2023-02-03,22,Friday,0,24,4,3,D3,Pediatrics,Night,8,3,Normal Load,70,7,89,82
2023-02-03,23,Friday,0,23,1,4,D3,Orthopedics,Night,5,4,Normal Load,71,2,58,67
2023-02-03,23,Friday,0,23,1,4,D9,Orthopedics,Night,6,4,Normal Load,93,6,82,91
2023-02-03,23,Friday,0,23,1,4,D10,Cardiology,Night,6,4,Normal Load,73,2,99,62
2023-02-03,23,Friday,0,23,1,4,D5,Pediatrics,Night,5,4,Normal Load,93,4,55,71
2023-02-04,0,Saturday,1,25,1,3,D3,Emergency,Night,7,3,Normal Load,78,4,75,73
2023-02-04,0,Saturday,1,25,1,3,D2,Pediatrics,Night,7,3,Normal Load,70,4,91,68
2023-02-04,0,Saturday,1,25,1,3,D3,General,Night,8,3,Normal Load,97,5,95,91
2023-02-04,1,Saturday,1,22,2,6,D3,Cardiology,Night,2,6,Normal Load,89,4,82,89
2023-02-04,1,Saturday,1,22,2,6,D10,Emergency,Night,4,6,Normal Load,87,7,75,98
2023-02-04,1,Saturday,1,22,2,6,D7,Orthopedics,Night,2,6,Normal Load,92,4,86,89
2023-02-04,1,Saturday,1,22,2,6,D4,Cardiology,Night,3,6,Normal Load,87,2,94,76
2023-02-04,1,Saturday,1,22,2,6,D3,Emergency,Night,2,6,Normal Load,89,3,98,72
2023-02-04,1,Saturday,1,22,2,6,D7,General,Night,3,6,Normal Load,72,14,60,85
2023-02-04,2,Saturday,1,22,4,6,D6,Cardiology,Night,4,6,Normal Load,90,9,95,72
2023-02-04,2,Saturday,1,22,4,6,D4,General,Night,4,6,Normal Load,71,7,97,67
2023-02-04,2,Saturday,1,22,4,6,D4,General,Night,3,6,Normal Load,91,6,53,73
2023-02-04,2,Saturday,1,22,4,6,D4,Emergency,Night,4,6,Normal Load,75,5,91,75
2023-02-04,2,Saturday,1,22,4,6,D1,Emergency,Night,2,6,Normal Load,91,2,82,62
2023-02-04,2,Saturday,1,22,4,6,D6,Orthopedics,Night,3,6,Normal Load,83,2,95,99
2023-02-04,3,Saturday,1,25,1,4,D9,Orthopedics,Night,7,4,Normal Load,71,5,78,78
2023-02-04,3,Saturday,1,25,1,4,D6,Orthopedics,Night,7,4,Normal Load,98,5,99,70
2023-02-04,3,Saturday,1,25,1,4,D2,Emergency,Night,6,4,Normal Load,85,7,72,76
2023-02-04,3,Saturday,1,25,1,4,D9,Cardiology,Night,7,4,Normal Load,80,4,56,95
2023-02-04,4,Saturday,1,29,1,3,D3,Emergency,Night,8,4,High Inflow,94,5,77,97
2023-02-04,4,Saturday,1,29,1,3,D6,Orthopedics,Night,9,4,High Inflow,87,4,87,94
2023-02-04,4,Saturday,1,29,1,3,D3,Orthopedics,Night,9,4,High Inflow,74,1,73,64
2023-02-04,5,Saturday,1,29,2,4,D1,General,Night,7,5,High Inflow,83,7,88,82
2023-02-04,5,Saturday,1,29,2,4,D9,General,Night,6,5,High Inflow,92,6,85,64
2023-02-04,5,Saturday,1,29,2,4,D5,Cardiology,Night,8,5,High Inflow,72,4,88,67
2023-02-04,5,Saturday,1,29,2,4,D2,Orthopedics,Night,7,5,High Inflow,81,4,75,65
2023-02-04,6,Saturday,1,24,3,4,D3,Orthopedics,Morning,7,4,Normal Load,94,5,53,68
2023-02-04,6,Saturday,1,24,3,4,D3,Orthopedics,Morning,5,4,Normal Load,83,3,72,96
2023-02-04,6,Saturday,1,24,3,4,D1,Orthopedics,Morning,7,4,Normal Load,88,6,94,66
2023-02-04,6,Saturday,1,24,3,4,D4,Pediatrics,Morning,7,4,Normal Load,72,8,86,92
2023-02-04,7,Saturday,1,22,1,3,D2,General,Morning,8,3,Normal Load,94,2,88,97
2023-02-04,7,Saturday,1,22,1,3,D5,Orthopedics,Morning,7,3,Normal Load,85,1,63,72
2023-02-04,7,Saturday,1,22,1,3,D2,Emergency,Morning,6,3,Normal Load,76,3,89,86
2023-02-04,8,Saturday,1,29,5,5,D4,Pediatrics,Morning,4,6,High Inflow,96,3,78,82
2023-02-04,8,Saturday,1,29,5,5,D3,Orthopedics,Morning,4,6,High Inflow,79,5,53,67
2023-02-04,8,Saturday,1,29,5,5,D2,Pediatrics,Morning,6,6,High Inflow,70,4,87,94
2023-02-04,8,Saturday,1,29,5,5,D6,Orthopedics,Morning,5,6,High Inflow,95,4,69,71
2023-02-04,8,Saturday,1,29,5,5,D2,Emergency,Morning,6,6,High Inflow,79,7,84,84
2023-02-04,9,Saturday,1,25,1,5,D9,General,Morning,6,5,Normal Load,96,4,54,89
2023-02-04,9,Saturday,1,25,1,5,D4,General,Morning,5,5,Normal Load,99,3,95,99
2023-02-04,9,Saturday,1,25,1,5,D5,Cardiology,Morning,4,5,Normal Load,71,7,56,66
2023-02-04,9,Saturday,1,25,1,5,D5,Orthopedics,Morning,5,5,Normal Load,83,4,78,60
2023-02-04,9,Saturday,1,25,1,5,D4,Orthopedics,Morning,5,5,Normal Load,90,5,92,67
2023-02-04,10,Saturday,1,27,3,6,D4,Pediatrics,Morning,5,7,High Inflow,84,5,55,64
2023-02-04,10,Saturday,1,27,3,6,D6,Emergency,Morning,4,7,High Inflow,96,7,69,98
2023-02-04,10,Saturday,1,27,3,6,D1,Cardiology,Morning,4,7,High Inflow,74,5,78,69
2023-02-04,10,Saturday,1,27,3,6,D1,Pediatrics,Morning,5,7,High Inflow,73,5,61,73
2023-02-04,10,Saturday,1,27,3,6,D2,Orthopedics,Morning,4,7,High Inflow,94,6,87,94
2023-02-04,10,Saturday,1,27,3,6,D7,Emergency,Morning,3,7,High Inflow,99,3,57,66
2023-02-04,11,Saturday,1,23,2,5,D6,Emergency,Morning,5,5,Normal Load,86,5,55,89
2023-02-04,11,Saturday,1,23,2,5,D5,General,Morning,3,5,Normal Load,74,3,80,64
2023-02-04,11,Saturday,1,23,2,5,D9,Emergency,Morning,5,5,Normal Load,98,4,72,71
2023-02-04,11,Saturday,1,23,2,5,D6,Pediatrics,Morning,4,5,Normal Load,97,10,91,72
2023-02-04,11,Saturday,1,23,2,5,D8,Orthopedics,Morning,3,5,Normal Load,77,6,85,64
2023-02-04,12,Saturday,1,25,2,4,D4,Cardiology,Morning,6,4,Normal Load,97,6,96,80
2023-02-04,12,Saturday,1,25,2,4,D7,General,Morning,7,4,Normal Load,89,4,74,61
2023-02-04,12,Saturday,1,25,2,4,D7,Orthopedics,Morning,7,4,Normal Load,93,3,83,97
2023-02-04,12,Saturday,1,25,2,4,D2,Emergency,Morning,6,4,Normal Load,75,8,51,64
2023-02-04,13,Saturday,1,25,3,6,D8,Cardiology,Morning,5,6,Normal Load,99,2,94,74
2023-02-04,13,Saturday,1,25,3,6,D4,Emergency,Morning,4,6,Normal Load,88,4,72,80
2023-02-04,13,Saturday,1,25,3,6,D8,Cardiology,Morning,4,6,Normal Load,71,2,89,84
2023-02-04,13,Saturday,1,25,3,6,D4,General,Morning,4,6,Normal Load,75,4,68,86
2023-02-04,13,Saturday,1,25,3,6,D1,Orthopedics,Morning,4,6,Normal Load,82,3,62,69
2023-02-04,13,Saturday,1,25,3,6,D5,General,Morning,4,6,Normal Load,76,6,55,90
2023-02-04,14,Saturday,1,17,1,5,D4,Pediatrics,Evening,2,5,Normal Load,82,6,70,93
2023-02-04,14,Saturday,1,17,1,5,D4,Emergency,Evening,4,5,Normal Load,74,3,65,75
2023-02-04,14,Saturday,1,17,1,5,D10,Emergency,Evening,2,5,Normal Load,82,4,75,87
2023-02-04,14,Saturday,1,17,1,5,D1,Pediatrics,Evening,4,5,Normal Load,94,5,94,75
2023-02-04,14,Saturday,1,17,1,5,D8,Emergency,Evening,3,5,Normal Load,91,4,89,94
2023-02-04,15,Saturday,1,18,0,5,D6,General,Evening,3,5,Normal Load,87,3,79,94
2023-02-04,15,Saturday,1,18,0,5,D10,Cardiology,Evening,2,5,Normal Load,85,5,50,91
2023-02-04,15,Saturday,1,18,0,5,D8,Pediatrics,Evening,2,5,Normal Load,70,4,61,82
2023-02-04,15,Saturday,1,18,0,5,D3,Orthopedics,Evening,4,5,Normal Load,72,8,80,81
2023-02-04,15,Saturday,1,18,0,5,D7,General,Evening,3,5,Normal Load,78,8,98,98
2023-02-04,16,Saturday,1,21,2,4,D3,Emergency,Evening,4,4,Normal Load,87,5,85,73
2023-02-04,16,Saturday,1,21,2,4,D10,General,Evening,6,4,Normal Load,73,9,50,88
2023-02-04,16,Saturday,1,21,2,4,D7,Pediatrics,Evening,4,4,Normal Load,75,5,72,60
2023-02-04,16,Saturday,1,21,2,4,D6,Orthopedics,Evening,4,4,Normal Load,89,2,53,75
2023-02-04,17,Saturday,1,27,3,5,D7,Emergency,Evening,5,6,High Inflow,96,4,87,74
2023-02-04,17,Saturday,1,27,3,5,D3,Cardiology,Evening,6,6,High Inflow,81,4,57,69
2023-02-04,17,Saturday,1,27,3,5,D8,Pediatrics,Evening,5,6,High Inflow,90,7,61,98
2023-02-04,17,Saturday,1,27,3,5,D1,Emergency,Evening,6,6,High Inflow,89,7,88,80
2023-02-04,17,Saturday,1,27,3,5,D4,General,Evening,4,6,High Inflow,72,9,94,78
2023-02-04,18,Saturday,1,29,3,6,D2,Cardiology,Evening,3,7,High Inflow,77,4,73,94
2023-02-04,18,Saturday,1,29,3,6,D8,Emergency,Evening,4,7,High Inflow,79,8,82,90
2023-02-04,18,Saturday,1,29,3,6,D10,Cardiology,Evening,5,7,High Inflow,78,6,53,74
2023-02-04,18,Saturday,1,29,3,6,D6,General,Evening,4,7,High Inflow,77,4,74,95
2023-02-04,18,Saturday,1,29,3,6,D5,Emergency,Evening,5,7,High Inflow,71,4,59,78
2023-02-04,18,Saturday,1,29,3,6,D5,Cardiology,Evening,4,7,High Inflow,88,4,72,60
2023-02-04,19,Saturday,1,34,3,6,D7,Emergency,Evening,4,7,High Inflow,72,1,85,63
2023-02-04,19,Saturday,1,34,3,6,D5,Cardiology,Evening,6,7,High Inflow,82,8,53,91
2023-02-04,19,Saturday,1,34,3,6,D8,Orthopedics,Evening,6,7,High Inflow,94,6,75,79
2023-02-04,19,Saturday,1,34,3,6,D3,Cardiology,Evening,4,7,High Inflow,91,2,65,92
2023-02-04,19,Saturday,1,34,3,6,D4,Pediatrics,Evening,4,7,High Inflow,81,5,93,90
2023-02-04,19,Saturday,1,34,3,6,D5,Cardiology,Evening,5,7,High Inflow,96,3,79,80
2023-02-04,20,Saturday,1,29,8,3,D10,Cardiology,Evening,8,4,High Inflow,83,3,69,89
2023-02-04,20,Saturday,1,29,8,3,D1,General,Evening,8,4,High Inflow,87,10,63,73
2023-02-04,20,Saturday,1,29,8,3,D6,Pediatrics,Evening,10,4,High Inflow,88,9,94,92
2023-02-04,21,Saturday,1,28,2,5,D2,Orthopedics,Evening,6,6,High Inflow,95,6,55,64
2023-02-04,21,Saturday,1,28,2,5,D7,Cardiology,Evening,4,6,High Inflow,73,6,64,92
2023-02-04,21,Saturday,1,28,2,5,D7,Cardiology,Evening,4,6,High Inflow,77,10,99,62
2023-02-04,21,Saturday,1,28,2,5,D4,Emergency,Evening,5,6,High Inflow,83,4,51,80
2023-02-04,21,Saturday,1,28,2,5,D4,General,Evening,4,6,High Inflow,74,3,93,70
2023-02-04,22,Saturday,1,20,4,4,D3,Cardiology,Night,5,4,Normal Load,81,3,79,83
2023-02-04,22,Saturday,1,20,4,4,D1,General,Night,4,4,Normal Load,96,3,72,79
2023-02-04,22,Saturday,1,20,4,4,D7,General,Night,5,4,Normal Load,91,2,85,94
2023-02-04,22,Saturday,1,20,4,4,D7,Cardiology,Night,6,4,Normal Load,94,5,87,63
2023-02-04,23,Saturday,1,25,3,4,D4,Cardiology,Night,7,4,Normal Load,98,5,51,88
2023-02-04,23,Saturday,1,25,3,4,D2,Cardiology,Night,5,4,Normal Load,83,1,80,88
2023-02-04,23,Saturday,1,25,3,4,D8,Pediatrics,Night,6,4,Normal Load,93,3,86,94
2023-02-04,23,Saturday,1,25,3,4,D4,Emergency,Night,5,4,Normal Load,84,2,71,63
2023-02-05,0,Sunday,1,34,1,5,D1,General,Night,7,6,High Inflow,84,5,82,65
2023-02-05,0,Sunday,1,34,1,5,D4,Emergency,Night,6,6,High Inflow,99,7,83,74
2023-02-05,0,Sunday,1,34,1,5,D1,Pediatrics,Night,7,6,High Inflow,75,6,62,74
2023-02-05,0,Sunday,1,34,1,5,D3,Orthopedics,Night,7,6,High Inflow,94,8,82,80
2023-02-05,0,Sunday,1,34,1,5,D8,General,Night,6,6,High Inflow,74,6,66,78
2023-02-05,1,Sunday,1,23,2,3,D1,Pediatrics,Night,7,3,Normal Load,77,5,68,68
2023-02-05,1,Sunday,1,23,2,3,D7,Orthopedics,Night,8,3,Normal Load,90,6,75,94
2023-02-05,1,Sunday,1,23,2,3,D5,Pediatrics,Night,6,3,Normal Load,85,4,50,68
2023-02-05,2,Sunday,1,30,1,5,D7,Orthopedics,Night,5,6,High Inflow,86,7,98,67
2023-02-05,2,Sunday,1,30,1,5,D2,Cardiology,Night,7,6,High Inflow,76,7,78,80
2023-02-05,2,Sunday,1,30,1,5,D2,General,Night,7,6,High Inflow,89,5,85,90
2023-02-05,2,Sunday,1,30,1,5,D8,Orthopedics,Night,5,6,High Inflow,85,4,60,67
2023-02-05,2,Sunday,1,30,1,5,D9,Emergency,Night,5,6,High Inflow,81,5,68,63
2023-02-05,3,Sunday,1,33,5,3,D2,General,Night,10,4,High Inflow,88,1,54,70
2023-02-05,3,Sunday,1,33,5,3,D8,Emergency,Night,10,4,High Inflow,80,3,66,82
2023-02-05,3,Sunday,1,33,5,3,D2,Cardiology,Night,11,4,High Inflow,75,7,68,74
2023-02-05,4,Sunday,1,28,5,5,D8,Cardiology,Night,6,6,High Inflow,85,6,52,72
2023-02-05,4,Sunday,1,28,5,5,D4,General,Night,6,6,High Inflow,91,5,83,61
2023-02-05,4,Sunday,1,28,5,5,D9,General,Night,6,6,High Inflow,71,9,72,81
2023-02-05,4,Sunday,1,28,5,5,D8,Cardiology,Night,4,6,High Inflow,82,4,66,68
2023-02-05,4,Sunday,1,28,5,5,D6,Orthopedics,Night,6,6,High Inflow,80,7,53,76
2023-02-05,5,Sunday,1,28,6,4,D3,Emergency,Night,7,5,High Inflow,88,4,79,90
2023-02-05,5,Sunday,1,28,6,4,D8,General,Night,6,5,High Inflow,94,7,62,94
2023-02-05,5,Sunday,1,28,6,4,D8,Orthopedics,Night,6,5,High Inflow,84,8,71,93
2023-02-05,5,Sunday,1,28,6,4,D8,Emergency,Night,8,5,High Inflow,80,4,68,91
2023-02-05,6,Sunday,1,27,3,5,D3,Emergency,Morning,4,6,High Inflow,80,6,53,82
2023-02-05,6,Sunday,1,27,3,5,D10,Orthopedics,Morning,4,6,High Inflow,70,4,79,63
2023-02-05,6,Sunday,1,27,3,5,D4,Orthopedics,Morning,6,6,High Inflow,74,5,70,71
2023-02-05,6,Sunday,1,27,3,5,D5,Cardiology,Morning,6,6,High Inflow,75,6,95,99
2023-02-05,6,Sunday,1,27,3,5,D8,Cardiology,Morning,6,6,High Inflow,76,2,51,96
2023-02-05,7,Sunday,1,28,2,3,D1,Cardiology,Morning,9,4,High Inflow,70,3,80,70
2023-02-05,7,Sunday,1,28,2,3,D9,Cardiology,Morning,8,4,High Inflow,99,3,79,64
2023-02-05,7,Sunday,1,28,2,3,D8,Pediatrics,Morning,10,4,High Inflow,80,4,97,62
2023-02-05,8,Sunday,1,29,1,6,D4,Orthopedics,Morning,4,7,High Inflow,77,4,84,82
2023-02-05,8,Sunday,1,29,1,6,D5,Orthopedics,Morning,3,7,High Inflow,91,5,63,84
2023-02-05,8,Sunday,1,29,1,6,D5,Pediatrics,Morning,3,7,High Inflow,75,6,56,75
2023-02-05,8,Sunday,1,29,1,6,D6,Pediatrics,Morning,5,7,High Inflow,88,8,53,85
2023-02-05,8,Sunday,1,29,1,6,D9,Emergency,Morning,3,7,High Inflow,95,1,71,82
2023-02-05,8,Sunday,1,29,1,6,D7,Emergency,Morning,4,7,High Inflow,93,8,52,67
2023-02-05,9,Sunday,1,22,2,4,D8,Pediatrics,Morning,5,4,Normal Load,74,3,87,73
2023-02-05,9,Sunday,1,22,2,4,D1,Orthopedics,Morning,4,4,Normal Load,93,10,62,69
2023-02-05,9,Sunday,1,22,2,4,D8,Emergency,Morning,5,4,Normal Load,72,6,51,63
2023-02-05,9,Sunday,1,22,2,4,D8,Cardiology,Morning,5,4,Normal Load,89,6,78,75
2023-02-05,10,Sunday,1,23,6,5,D10,Cardiology,Morning,5,5,Normal Load,97,6,91,95
2023-02-05,10,Sunday,1,23,6,5,D1,Emergency,Morning,4,5,Normal Load,90,4,71,75
2023-02-05,10,Sunday,1,23,6,5,D8,General,Morning,4,5,Normal Load,99,4,90,80
2023-02-05,10,Sunday,1,23,6,5,D2,General,Morning,3,5,Normal Load,70,9,99,62
2023-02-05,10,Sunday,1,23,6,5,D7,Cardiology,Morning,5,5,Normal Load,96,3,56,62
2023-02-05,11,Sunday,1,22,7,3,D9,General,Morning,7,3,Normal Load,75,2,72,76
2023-02-05,11,Sunday,1,22,7,3,D3,Pediatrics,Morning,7,3,Normal Load,98,5,62,86
2023-02-05,11,Sunday,1,22,7,3,D4,Orthopedics,Morning,7,3,Normal Load,97,1,55,87
2023-02-05,12,Sunday,1,20,3,5,D6,Orthopedics,Morning,5,5,Normal Load,72,5,94,61
2023-02-05,12,Sunday,1,20,3,5,D5,General,Morning,5,5,Normal Load,91,9,91,83
2023-02-05,12,Sunday,1,20,3,5,D5,Pediatrics,Morning,4,5,Normal Load,78,5,91,87
2023-02-05,12,Sunday,1,20,3,5,D4,General,Morning,4,5,Normal Load,82,4,64,95
2023-02-05,12,Sunday,1,20,3,5,D9,Cardiology,Morning,5,5,Normal Load,89,2,89,83
2023-02-05,13,Sunday,1,32,3,6,D9,Cardiology,Morning,6,7,High Inflow,82,3,88,66
2023-02-05,13,Sunday,1,32,3,6,D7,General,Morning,5,7,High Inflow,98,0,72,68
2023-02-05,13,Sunday,1,32,3,6,D3,Cardiology,Morning,6,7,High Inflow,96,8,83,83
2023-02-05,13,Sunday,1,32,3,6,D8,Emergency,Morning,4,7,High Inflow,96,3,90,91
2023-02-05,13,Sunday,1,32,3,6,D6,Emergency,Morning,6,7,High Inflow,77,2,92,96
2023-02-05,13,Sunday,1,32,3,6,D5,Pediatrics,Morning,6,7,High Inflow,85,5,55,81
2023-02-05,14,Sunday,1,23,6,5,D9,Orthopedics,Evening,5,5,Normal Load,97,2,71,75
2023-02-05,14,Sunday,1,23,6,5,D4,General,Evening,4,5,Normal Load,83,4,96,99
2023-02-05,14,Sunday,1,23,6,5,D1,Orthopedics,Evening,3,5,Normal Load,74,5,71,83
2023-02-05,14,Sunday,1,23,6,5,D3,Emergency,Evening,3,5,Normal Load,74,4,94,87
2023-02-05,14,Sunday,1,23,6,5,D9,Pediatrics,Evening,5,5,Normal Load,77,4,91,69
2023-02-05,15,Sunday,1,22,1,6,D2,Pediatrics,Evening,2,6,Normal Load,85,8,96,65
2023-02-05,15,Sunday,1,22,1,6,D1,Cardiology,Evening,3,6,Normal Load,83,5,62,79
2023-02-05,15,Sunday,1,22,1,6,D6,General,Evening,2,6,Normal Load,77,4,74,66
2023-02-05,15,Sunday,1,22,1,6,D9,General,Evening,3,6,Normal Load,80,7,88,91
2023-02-05,15,Sunday,1,22,1,6,D3,Emergency,Evening,2,6,Normal Load,89,2,97,88
2023-02-05,15,Sunday,1,22,1,6,D4,Cardiology,Evening,2,6,Normal Load,99,5,76,89
2023-02-05,16,Sunday,1,19,0,5,D10,General,Evening,2,5,Normal Load,85,7,97,79
2023-02-05,16,Sunday,1,19,0,5,D8,Emergency,Evening,2,5,Normal Load,88,7,88,95
2023-02-05,16,Sunday,1,19,0,5,D4,Cardiology,Evening,2,5,Normal Load,90,4,93,74
2023-02-05,16,Sunday,1,19,0,5,D10,Cardiology,Evening,4,5,Normal Load,75,3,92,72
2023-02-05,16,Sunday,1,19,0,5,D10,Orthopedics,Evening,2,5,Normal Load,97,9,54,72
2023-02-05,17,Sunday,1,20,3,5,D9,Emergency,Evening,4,5,Normal Load,95,10,83,92
2023-02-05,17,Sunday,1,20,3,5,D4,General,Evening,4,5,Normal Load,90,4,68,60
2023-02-05,17,Sunday,1,20,3,5,D7,Orthopedics,Evening,3,5,Normal Load,89,4,89,76
2023-02-05,17,Sunday,1,20,3,5,D4,Pediatrics,Evening,4,5,Normal Load,70,2,83,96
2023-02-05,17,Sunday,1,20,3,5,D2,Pediatrics,Evening,3,5,Normal Load,84,3,50,86
2023-02-05,18,Sunday,1,25,2,3,D4,General,Evening,7,3,Normal Load,72,8,62,83
2023-02-05,18,Sunday,1,25,2,3,D3,General,Evening,8,3,Normal Load,74,6,83,77
2023-02-05,18,Sunday,1,25,2,3,D2,Cardiology,Evening,9,3,Normal Load,79,2,94,62
2023-02-05,19,Sunday,1,28,4,6,D4,Pediatrics,Evening,5,7,High Inflow,89,4,87,96
2023-02-05,19,Sunday,1,28,4,6,D7,Orthopedics,Evening,5,7,High Inflow,78,5,67,67
2023-02-05,19,Sunday,1,28,4,6,D10,Orthopedics,Evening,4,7,High Inflow,84,4,74,78
2023-02-05,19,Sunday,1,28,4,6,D2,Emergency,Evening,5,7,High Inflow,98,7,54,71
2023-02-05,19,Sunday,1,28,4,6,D2,Orthopedics,Evening,3,7,High Inflow,74,5,70,65
2023-02-05,19,Sunday,1,28,4,6,D5,Cardiology,Evening,4,7,High Inflow,72,3,74,73
2023-02-05,20,Sunday,1,25,1,6,D2,Pediatrics,Evening,3,6,Normal Load,75,1,67,96
2023-02-05,20,Sunday,1,25,1,6,D4,Cardiology,Evening,5,6,Normal Load,97,5,95,67
2023-02-05,20,Sunday,1,25,1,6,D10,General,Evening,5,6,Normal Load,94,5,52,82
2023-02-05,20,Sunday,1,25,1,6,D10,Pediatrics,Evening,4,6,Normal Load,84,5,81,82
2023-02-05,20,Sunday,1,25,1,6,D2,General,Evening,4,6,Normal Load,76,4,99,81
2023-02-05,20,Sunday,1,25,1,6,D9,Emergency,Evening,3,6,Normal Load,95,6,89,71
2023-02-05,21,Sunday,1,25,2,5,D4,Orthopedics,Evening,4,5,Normal Load,80,5,70,73
2023-02-05,21,Sunday,1,25,2,5,D3,Emergency,Evening,5,5,Normal Load,93,2,60,63
2023-02-05,21,Sunday,1,25,2,5,D6,Cardiology,Evening,5,5,Normal Load,96,2,81,62
2023-02-05,21,Sunday,1,25,2,5,D5,Cardiology,Evening,4,5,Normal Load,86,4,50,81
2023-02-05,21,Sunday,1,25,2,5,D5,Emergency,Evening,5,5,Normal Load,92,5,97,60
2023-02-05,22,Sunday,1,20,7,5,D6,General,Night,4,5,Normal Load,92,5,98,64
2023-02-05,22,Sunday,1,20,7,5,D1,Pediatrics,Night,3,5,Normal Load,98,5,62,84
2023-02-05,22,Sunday,1,20,7,5,D2,Cardiology,Night,4,5,Normal Load,95,1,62,94
2023-02-05,22,Sunday,1,20,7,5,D4,Emergency,Night,4,5,Normal Load,74,7,63,67
2023-02-05,22,Sunday,1,20,7,5,D9,Orthopedics,Night,5,5,Normal Load,74,8,70,74
2023-02-05,23,Sunday,1,20,1,5,D8,Pediatrics,Night,4,5,Normal Load,72,6,69,67
2023-02-05,23,Sunday,1,20,1,5,D1,General,Night,5,5,Normal Load,92,6,87,73
2023-02-05,23,Sunday,1,20,1,5,D1,General,Night,4,5,Normal Load,70,5,72,60
2023-02-05,23,Sunday,1,20,1,5,D4,Pediatrics,Night,5,5,Normal Load,81,6,91,70
2023-02-05,23,Sunday,1,20,1,5,D8,Emergency,Night,4,5,Normal Load,89,5,51,71
2023-02-06,0,Monday,0,34,2,3,D5,General,Night,11,4,High Inflow,91,3,89,76
2023-02-06,0,Monday,0,34,2,3,D9,General,Night,11,4,High Inflow,80,6,66,99
2023-02-06,0,Monday,0,34,2,3,D2,General,Night,12,4,High Inflow,99,5,55,69
2023-02-06,1,Monday,0,23,1,3,D4,Pediatrics,Night,6,3,Normal Load,83,9,62,85
2023-02-06,1,Monday,0,23,1,3,D10,Emergency,Night,7,3,Normal Load,94,5,63,61
2023-02-06,1,Monday,0,23,1,3,D8,Orthopedics,Night,6,3,Normal Load,83,2,72,89
2023-02-06,2,Monday,0,26,2,5,D1,Cardiology,Night,4,6,High Inflow,78,4,98,84
2023-02-06,2,Monday,0,26,2,5,D7,Pediatrics,Night,5,6,High Inflow,86,7,92,82
2023-02-06,2,Monday,0,26,2,5,D2,Orthopedics,Night,4,6,High Inflow,80,5,77,98
2023-02-06,2,Monday,0,26,2,5,D9,Emergency,Night,6,6,High Inflow,88,9,88,75
2023-02-06,2,Monday,0,26,2,5,D5,Orthopedics,Night,6,6,High Inflow,91,4,77,93
2023-02-06,3,Monday,0,32,3,4,D3,Pediatrics,Night,7,5,High Inflow,74,1,72,82
2023-02-06,3,Monday,0,32,3,4,D3,Orthopedics,Night,9,5,High Inflow,89,3,64,73
2023-02-06,3,Monday,0,32,3,4,D1,Orthopedics,Night,8,5,High Inflow,84,5,70,85
2023-02-06,3,Monday,0,32,3,4,D3,Cardiology,Night,9,5,High Inflow,76,9,70,90
2023-02-06,4,Monday,0,25,2,4,D7,Cardiology,Night,7,4,Normal Load,79,5,77,82
2023-02-06,4,Monday,0,25,2,4,D9,Pediatrics,Night,7,4,Normal Load,99,4,73,64
2023-02-06,4,Monday,0,25,2,4,D4,Pediatrics,Night,6,4,Normal Load,84,7,82,60
2023-02-06,4,Monday,0,25,2,4,D4,Cardiology,Night,6,4,Normal Load,91,6,71,86
2023-02-06,5,Monday,0,26,3,5,D9,Orthopedics,Night,4,6,High Inflow,91,4,55,67
2023-02-06,5,Monday,0,26,3,5,D3,Pediatrics,Night,4,6,High Inflow,92,2,59,90
2023-02-06,5,Monday,0,26,3,5,D2,Orthopedics,Night,6,6,High Inflow,98,0,77,69
2023-02-06,5,Monday,0,26,3,5,D4,Pediatrics,Night,6,6,High Inflow,71,5,58,91
2023-02-06,5,Monday,0,26,3,5,D7,Emergency,Night,6,6,High Inflow,96,9,96,90
2023-02-06,6,Monday,0,25,2,3,D3,Cardiology,Morning,7,3,Normal Load,92,10,91,81
2023-02-06,6,Monday,0,25,2,3,D3,Orthopedics,Morning,7,3,Normal Load,93,6,63,74
2023-02-06,6,Monday,0,25,2,3,D6,General,Morning,8,3,Normal Load,78,7,90,71
2023-02-06,7,Monday,0,26,3,4,D1,Orthopedics,Morning,6,5,High Inflow,86,9,84,69
2023-02-06,7,Monday,0,26,3,4,D1,Orthopedics,Morning,5,5,High Inflow,87,7,75,68
2023-02-06,7,Monday,0,26,3,4,D2,Orthopedics,Morning,6,5,High Inflow,91,3,89,77
2023-02-06,7,Monday,0,26,3,4,D8,Pediatrics,Morning,5,5,High Inflow,80,4,64,92
2023-02-06,8,Monday,0,20,1,6,D5,Pediatrics,Morning,2,6,Normal Load,77,8,96,97
2023-02-06,8,Monday,0,20,1,6,D4,Pediatrics,Morning,3,6,Normal Load,71,2,50,96
2023-02-06,8,Monday,0,20,1,6,D6,Orthopedics,Morning,4,6,Normal Load,78,8,87,80
2023-02-06,8,Monday,0,20,1,6,D6,Pediatrics,Morning,4,6,Normal Load,89,6,57,94
2023-02-06,8,Monday,0,20,1,6,D8,Emergency,Morning,4,6,Normal Load,86,4,86,78
2023-02-06,8,Monday,0,20,1,6,D10,General,Morning,2,6,Normal Load,88,5,91,61
2023-02-06,9,Monday,0,28,1,3,D9,Pediatrics,Morning,8,4,High Inflow,82,5,56,76
2023-02-06,9,Monday,0,28,1,3,D6,Cardiology,Morning,9,4,High Inflow,86,5,58,78
2023-02-06,9,Monday,0,28,1,3,D9,Orthopedics,Morning,8,4,High Inflow,91,1,90,88
2023-02-06,10,Monday,0,21,4,4,D9,Orthopedics,Morning,6,4,Normal Load,77,8,81,66
2023-02-06,10,Monday,0,21,4,4,D6,Pediatrics,Morning,4,4,Normal Load,88,5,98,87
2023-02-06,10,Monday,0,21,4,4,D5,Emergency,Morning,4,4,Normal Load,71,3,66,77
2023-02-06,10,Monday,0,21,4,4,D8,Emergency,Morning,6,4,Normal Load,76,4,79,70
2023-02-06,11,Monday,0,26,5,6,D7,Cardiology,Morning,3,7,High Inflow,82,8,69,99
2023-02-06,11,Monday,0,26,5,6,D2,Pediatrics,Morning,5,7,High Inflow,94,4,63,74
2023-02-06,11,Monday,0,26,5,6,D3,General,Morning,3,7,High Inflow,92,4,63,98
2023-02-06,11,Monday,0,26,5,6,D7,Cardiology,Morning,3,7,High Inflow,84,7,59,88
2023-02-06,11,Monday,0,26,5,6,D4,Emergency,Morning,3,7,High Inflow,81,5,98,95
2023-02-06,11,Monday,0,26,5,6,D6,General,Morning,4,7,High Inflow,97,3,81,72
2023-02-06,12,Monday,0,23,0,3,D2,Orthopedics,Morning,7,3,Normal Load,91,4,94,61
2023-02-06,12,Monday,0,23,0,3,D2,Orthopedics,Morning,6,3,Normal Load,97,5,58,96
2023-02-06,12,Monday,0,23,0,3,D5,Emergency,Morning,8,3,Normal Load,78,6,78,68
2023-02-06,13,Monday,0,23,3,5,D6,Emergency,Morning,5,5,Normal Load,93,5,96,69
2023-02-06,13,Monday,0,23,3,5,D10,Cardiology,Morning,4,5,Normal Load,82,7,57,95
2023-02-06,13,Monday,0,23,3,5,D6,Emergency,Morning,4,5,Normal Load,86,3,52,81
2023-02-06,13,Monday,0,23,3,5,D10,Emergency,Morning,3,5,Normal Load,84,4,82,61
2023-02-06,13,Monday,0,23,3,5,D6,Orthopedics,Morning,3,5,Normal Load,80,9,59,74
2023-02-06,14,Monday,0,27,0,4,D3,Pediatrics,Evening,7,5,High Inflow,89,3,61,96
2023-02-06,14,Monday,0,27,0,4,D1,Pediatrics,Evening,6,5,High Inflow,90,3,89,99
2023-02-06,14,Monday,0,27,0,4,D2,General,Evening,7,5,High Inflow,77,8,53,75
2023-02-06,14,Monday,0,27,0,4,D1,Emergency,Evening,7,5,High Inflow,97,9,68,88
2023-02-06,15,Monday,0,27,2,6,D10,Emergency,Evening,4,7,High Inflow,79,7,53,63
2023-02-06,15,Monday,0,27,2,6,D9,General,Evening,5,7,High Inflow,73,12,99,81
2023-02-06,15,Monday,0,27,2,6,D1,General,Evening,5,7,High Inflow,91,1,64,93
2023-02-06,15,Monday,0,27,2,6,D7,Cardiology,Evening,5,7,High Inflow,73,2,67,95
2023-02-06,15,Monday,0,27,2,6,D9,Pediatrics,Evening,4,7,High Inflow,73,6,65,67
2023-02-06,15,Monday,0,27,2,6,D6,Pediatrics,Evening,4,7,High Inflow,73,7,94,65
2023-02-06,16,Monday,0,29,6,3,D10,Pediatrics,Evening,8,4,High Inflow,75,2,50,64
2023-02-06,16,Monday,0,29,6,3,D1,General,Evening,9,4,High Inflow,81,5,82,80
2023-02-06,16,Monday,0,29,6,3,D4,General,Evening,9,4,High Inflow,74,5,54,66
2023-02-06,17,Monday,0,22,7,3,D8,Orthopedics,Evening,6,3,Normal Load,88,7,89,70
2023-02-06,17,Monday,0,22,7,3,D9,General,Evening,6,3,Normal Load,79,6,98,63
2023-02-06,17,Monday,0,22,7,3,D7,Orthopedics,Evening,7,3,Normal Load,82,5,66,71
2023-02-06,18,Monday,0,26,4,4,D1,Orthopedics,Evening,5,5,High Inflow,85,5,63,78
2023-02-06,18,Monday,0,26,4,4,D5,Pediatrics,Evening,5,5,High Inflow,93,5,71,79
2023-02-06,18,Monday,0,26,4,4,D1,Emergency,Evening,6,5,High Inflow,79,3,72,76
2023-02-06,18,Monday,0,26,4,4,D8,Orthopedics,Evening,5,5,High Inflow,89,4,83,67
2023-02-06,19,Monday,0,23,1,4,D5,Pediatrics,Evening,4,4,Normal Load,87,3,79,94
2023-02-06,19,Monday,0,23,1,4,D7,General,Evening,6,4,Normal Load,81,7,94,97
2023-02-06,19,Monday,0,23,1,4,D4,Cardiology,Evening,6,4,Normal Load,72,6,85,66
2023-02-06,19,Monday,0,23,1,4,D7,Orthopedics,Evening,5,4,Normal Load,77,3,95,76
2023-02-06,20,Monday,0,22,5,6,D1,Pediatrics,Evening,2,6,Normal Load,84,3,93,74
2023-02-06,20,Monday,0,22,5,6,D9,Emergency,Evening,3,6,Normal Load,71,3,56,94
2023-02-06,20,Monday,0,22,5,6,D10,Pediatrics,Evening,2,6,Normal Load,99,3,90,80
2023-02-06,20,Monday,0,22,5,6,D1,Pediatrics,Evening,4,6,Normal Load,88,8,68,70
2023-02-06,20,Monday,0,22,5,6,D3,General,Evening,4,6,Normal Load,97,8,57,88
2023-02-06,20,Monday,0,22,5,6,D2,Pediatrics,Evening,3,6,Normal Load,87,5,51,90
2023-02-06,21,Monday,0,31,2,5,D1,General,Evening,7,6,High Inflow,93,7,95,85
2023-02-06,21,Monday,0,31,2,5,D7,Cardiology,Evening,6,6,High Inflow,90,6,77,77
2023-02-06,21,Monday,0,31,2,5,D6,General,Evening,5,6,High Inflow,94,2,92,92
2023-02-06,21,Monday,0,31,2,5,D10,Pediatrics,Evening,5,6,High Inflow,93,3,92,93
2023-02-06,21,Monday,0,31,2,5,D1,Emergency,Evening,7,6,High Inflow,91,4,78,96
2023-02-06,22,Monday,0,26,2,5,D8,General,Night,6,6,High Inflow,84,2,70,85
2023-02-06,22,Monday,0,26,2,5,D8,General,Night,6,6,High Inflow,75,5,63,78
2023-02-06,22,Monday,0,26,2,5,D2,Emergency,Night,4,6,High Inflow,72,9,81,63
2023-02-06,22,Monday,0,26,2,5,D9,Emergency,Night,4,6,High Inflow,89,3,97,80
2023-02-06,22,Monday,0,26,2,5,D8,Pediatrics,Night,4,6,High Inflow,79,7,58,64
2023-02-06,23,Monday,0,25,4,3,D1,Pediatrics,Night,8,3,Normal Load,83,10,74,81
2023-02-06,23,Monday,0,25,4,3,D7,Orthopedics,Night,8,3,Normal Load,88,4,66,92
2023-02-06,23,Monday,0,25,4,3,D7,Emergency,Night,8,3,Normal Load,83,4,91,97
2023-02-07,0,Tuesday,0,23,3,3,D2,Emergency,Night,8,3,Normal Load,79,3,73,84
2023-02-07,0,Tuesday,0,23,3,3,D1,Emergency,Night,7,3,Normal Load,71,5,65,91
2023-02-07,0,Tuesday,0,23,3,3,D9,Orthopedics,Night,6,3,Normal Load,97,5,51,78
2023-02-07,1,Tuesday,0,25,2,4,D8,Emergency,Night,6,4,Normal Load,77,7,86,61
2023-02-07,1,Tuesday,0,25,2,4,D8,Emergency,Night,6,4,Normal Load,72,2,58,92
2023-02-07,1,Tuesday,0,25,2,4,D6,General,Night,7,4,Normal Load,80,4,65,65
2023-02-07,1,Tuesday,0,25,2,4,D1,Emergency,Night,7,4,Normal Load,92,4,98,80
2023-02-07,2,Tuesday,0,29,7,6,D5,Pediatrics,Night,5,7,High Inflow,84,5,99,71
2023-02-07,2,Tuesday,0,29,7,6,D10,Pediatrics,Night,4,7,High Inflow,83,10,66,75
2023-02-07,2,Tuesday,0,29,7,6,D4,Cardiology,Night,5,7,High Inflow,84,7,94,60
2023-02-07,2,Tuesday,0,29,7,6,D10,Cardiology,Night,3,7,High Inflow,84,2,75,99
2023-02-07,2,Tuesday,0,29,7,6,D3,Pediatrics,Night,4,7,High Inflow,91,3,91,96
2023-02-07,2,Tuesday,0,29,7,6,D5,Orthopedics,Night,3,7,High Inflow,99,8,91,87
2023-02-07,3,Tuesday,0,24,4,6,D5,Emergency,Night,4,6,Normal Load,82,7,78,96
2023-02-07,3,Tuesday,0,24,4,6,D5,Pediatrics,Night,5,6,Normal Load,75,11,66,67
2023-02-07,3,Tuesday,0,24,4,6,D3,Orthopedics,Night,4,6,Normal Load,84,4,81,84
2023-02-07,3,Tuesday,0,24,4,6,D4,General,Night,4,6,Normal Load,77,4,99,95
2023-02-07,3,Tuesday,0,24,4,6,D1,Emergency,Night,5,6,Normal Load,88,5,69,63
2023-02-07,3,Tuesday,0,24,4,6,D5,Emergency,Night,3,6,Normal Load,74,3,88,73
2023-02-07,4,Tuesday,0,23,2,6,D10,Pediatrics,Night,2,6,Normal Load,86,1,94,78
2023-02-07,4,Tuesday,0,23,2,6,D5,General,Night,4,6,Normal Load,75,8,53,80
2023-02-07,4,Tuesday,0,23,2,6,D1,Orthopedics,Night,4,6,Normal Load,93,8,50,80
2023-02-07,4,Tuesday,0,23,2,6,D8,General,Night,4,6,Normal Load,96,4,50,78
2023-02-07,4,Tuesday,0,23,2,6,D10,Pediatrics,Night,4,6,Normal Load,92,5,96,76
2023-02-07,4,Tuesday,0,23,2,6,D2,Orthopedics,Night,2,6,Normal Load,80,7,79,61
2023-02-07,5,Tuesday,0,32,3,6,D7,General,Night,4,7,High Inflow,88,2,84,93
2023-02-07,5,Tuesday,0,32,3,6,D5,Cardiology,Night,5,7,High Inflow,89,5,84,95
2023-02-07,5,Tuesday,0,32,3,6,D3,Pediatrics,Night,4,7,High Inflow,82,8,91,61
2023-02-07,5,Tuesday,0,32,3,6,D9,Cardiology,Night,5,7,High Inflow,89,4,75,93
2023-02-07,5,Tuesday,0,32,3,6,D6,Cardiology,Night,4,7,High Inflow,94,2,66,70
2023-02-07,5,Tuesday,0,32,3,6,D8,General,Night,4,7,High Inflow,85,4,90,79
2023-02-07,6,Tuesday,0,23,0,6,D9,General,Morning,4,6,Normal Load,99,3,68,66
2023-02-07,6,Tuesday,0,23,0,6,D6,General,Morning,3,6,Normal Load,94,5,76,81
2023-02-07,6,Tuesday,0,23,0,6,D1,Pediatrics,Morning,4,6,Normal Load,80,4,66,62
2023-02-07,6,Tuesday,0,23,0,6,D8,Orthopedics,Morning,3,6,Normal Load,95,5,56,85
2023-02-07,6,Tuesday,0,23,0,6,D2,General,Morning,2,6,Normal Load,74,5,93,68
2023-02-07,6,Tuesday,0,23,0,6,D1,Emergency,Morning,2,6,Normal Load,90,8,85,62
2023-02-07,7,Tuesday,0,25,2,4,D9,Pediatrics,Morning,6,4,Normal Load,90,4,71,60
2023-02-07,7,Tuesday,0,25,2,4,D10,Pediatrics,Morning,6,4,Normal Load,96,10,57,60
2023-02-07,7,Tuesday,0,25,2,4,D8,Cardiology,Morning,7,4,Normal Load,97,4,73,85
2023-02-07,7,Tuesday,0,25,2,4,D4,Cardiology,Morning,6,4,Normal Load,89,0,82,84
2023-02-07,8,Tuesday,0,29,2,5,D7,General,Morning,4,6,High Inflow,89,2,55,80
2023-02-07,8,Tuesday,0,29,2,5,D10,Emergency,Morning,4,6,High Inflow,75,4,76,73
2023-02-07,8,Tuesday,0,29,2,5,D5,Cardiology,Morning,5,6,High Inflow,88,4,61,73
2023-02-07,8,Tuesday,0,29,2,5,D2,Orthopedics,Morning,4,6,High Inflow,77,3,89,74
2023-02-07,8,Tuesday,0,29,2,5,D5,Orthopedics,Morning,5,6,High Inflow,92,6,76,81
2023-02-07,9,Tuesday,0,18,0,4,D1,General,Morning,4,4,Normal Load,90,3,60,79
2023-02-07,9,Tuesday,0,18,0,4,D5,Cardiology,Morning,3,4,Normal Load,97,5,66,66
2023-02-07,9,Tuesday,0,18,0,4,D2,Orthopedics,Morning,4,4,Normal Load,72,4,85,66
2023-02-07,9,Tuesday,0,18,0,4,D4,Orthopedics,Morning,5,4,Normal Load,82,3,74,62
2023-02-07,10,Tuesday,0,27,3,3,D2,Pediatrics,Morning,8,4,High Inflow,91,2,69,70
2023-02-07,10,Tuesday,0,27,3,3,D9,Orthopedics,Morning,9,4,High Inflow,91,7,86,92
2023-02-07,10,Tuesday,0,27,3,3,D3,Pediatrics,Morning,9,4,High Inflow,78,6,66,86
2023-02-07,11,Tuesday,0,24,1,4,D6,Orthopedics,Morning,5,4,Normal Load,93,2,91,81
2023-02-07,11,Tuesday,0,24,1,4,D10,General,Morning,5,4,Normal Load,77,8,56,81
2023-02-07,11,Tuesday,0,24,1,4,D3,Orthopedics,Morning,7,4,Normal Load,72,3,68,99
2023-02-07,11,Tuesday,0,24,1,4,D1,Pediatrics,Morning,7,4,Normal Load,79,8,84,73
2023-02-07,12,Tuesday,0,26,3,5,D4,Orthopedics,Morning,6,6,High Inflow,89,5,88,74
2023-02-07,12,Tuesday,0,26,3,5,D3,Orthopedics,Morning,4,6,High Inflow,83,7,54,73
2023-02-07,12,Tuesday,0,26,3,5,D9,Emergency,Morning,6,6,High Inflow,89,5,73,90
2023-02-07,12,Tuesday,0,26,3,5,D1,Cardiology,Morning,5,6,High Inflow,92,3,59,83
2023-02-07,12,Tuesday,0,26,3,5,D10,Orthopedics,Morning,4,6,High Inflow,81,6,59,94
2023-02-07,13,Tuesday,0,29,2,4,D7,Orthopedics,Morning,6,5,High Inflow,92,10,56,63
2023-02-07,13,Tuesday,0,29,2,4,D10,Orthopedics,Morning,6,5,High Inflow,88,4,91,99
2023-02-07,13,Tuesday,0,29,2,4,D1,Cardiology,Morning,7,5,High Inflow,70,6,65,85
2023-02-07,13,Tuesday,0,29,2,4,D8,Pediatrics,Morning,8,5,High Inflow,74,5,73,84
2023-02-07,14,Tuesday,0,26,3,3,D5,Pediatrics,Evening,8,4,High Inflow,70,6,59,85
2023-02-07,14,Tuesday,0,26,3,3,D4,Pediatrics,Evening,9,4,High Inflow,70,8,62,66
2023-02-07,14,Tuesday,0,26,3,3,D6,Emergency,Evening,8,4,High Inflow,72,5,65,74
2023-02-07,15,Tuesday,0,22,3,6,D9,Emergency,Evening,4,6,Normal Load,73,5,96,94
2023-02-07,15,Tuesday,0,22,3,6,D10,Cardiology,Evening,2,6,Normal Load,77,5,98,87
2023-02-07,15,Tuesday,0,22,3,6,D9,Pediatrics,Evening,4,6,Normal Load,98,3,55,69
2023-02-07,15,Tuesday,0,22,3,6,D4,Cardiology,Evening,4,6,Normal Load,83,7,63,71
2023-02-07,15,Tuesday,0,22,3,6,D8,Pediatrics,Evening,4,6,Normal Load,72,6,54,89
2023-02-07,15,Tuesday,0,22,3,6,D3,Emergency,Evening,4,6,Normal Load,93,4,73,92
2023-02-07,16,Tuesday,0,22,3,6,D4,General,Evening,3,6,Normal Load,87,2,52,86
2023-02-07,16,Tuesday,0,22,3,6,D7,Orthopedics,Evening,3,6,Normal Load,73,2,63,91
2023-02-07,16,Tuesday,0,22,3,6,D4,General,Evening,3,6,Normal Load,83,4,76,90
2023-02-07,16,Tuesday,0,22,3,6,D1,Cardiology,Evening,3,6,Normal Load,72,3,86,94
2023-02-07,16,Tuesday,0,22,3,6,D9,General,Evening,3,6,Normal Load,93,4,56,60
2023-02-07,16,Tuesday,0,22,3,6,D7,General,Evening,3,6,Normal Load,76,6,97,88
2023-02-07,17,Tuesday,0,24,2,6,D6,Orthopedics,Evening,4,6,Normal Load,95,3,99,84
2023-02-07,17,Tuesday,0,24,2,6,D8,Pediatrics,Evening,4,6,Normal Load,92,2,54,87
2023-02-07,17,Tuesday,0,24,2,6,D5,Pediatrics,Evening,4,6,Normal Load,76,7,71,78
2023-02-07,17,Tuesday,0,24,2,6,D7,Emergency,Evening,3,6,Normal Load,92,4,51,83
2023-02-07,17,Tuesday,0,24,2,6,D9,General,Evening,3,6,Normal Load,97,3,92,70
2023-02-07,17,Tuesday,0,24,2,6,D4,Orthopedics,Evening,4,6,Normal Load,98,8,52,93
2023-02-07,18,Tuesday,0,31,1,3,D1,Cardiology,Evening,11,4,High Inflow,93,4,91,60
2023-02-07,18,Tuesday,0,31,1,3,D4,Pediatrics,Evening,10,4,High Inflow,88,3,92,77
2023-02-07,18,Tuesday,0,31,1,3,D9,Orthopedics,Evening,9,4,High Inflow,92,6,92,71
2023-02-07,19,Tuesday,0,21,2,4,D5,General,Evening,6,4,Normal Load,98,5,69,84
2023-02-07,19,Tuesday,0,21,2,4,D7,Orthopedics,Evening,6,4,Normal Load,84,4,84,64
2023-02-07,19,Tuesday,0,21,2,4,D9,Cardiology,Evening,5,4,Normal Load,95,6,70,65
2023-02-07,19,Tuesday,0,21,2,4,D2,Cardiology,Evening,6,4,Normal Load,99,5,55,63
2023-02-07,20,Tuesday,0,38,8,6,D5,Pediatrics,Evening,5,7,High Inflow,89,3,68,63
2023-02-07,20,Tuesday,0,38,8,6,D3,Orthopedics,Evening,7,7,High Inflow,73,2,54,94
2023-02-07,20,Tuesday,0,38,8,6,D7,Pediatrics,Evening,7,7,High Inflow,97,6,77,95
2023-02-07,20,Tuesday,0,38,8,6,D2,Cardiology,Evening,7,7,High Inflow,77,8,87,66
2023-02-07,20,Tuesday,0,38,8,6,D2,General,Evening,7,7,High Inflow,75,8,58,68
2023-02-07,20,Tuesday,0,38,8,6,D3,Orthopedics,Evening,7,7,High Inflow,97,5,63,74
2023-02-07,21,Tuesday,0,27,1,6,D2,Pediatrics,Evening,4,7,High Inflow,76,7,73,77
2023-02-07,21,Tuesday,0,27,1,6,D9,Emergency,Evening,3,7,High Inflow,83,5,50,89
2023-02-07,21,Tuesday,0,27,1,6,D1,General,Evening,4,7,High Inflow,88,5,94,64
2023-02-07,21,Tuesday,0,27,1,6,D5,Emergency,Evening,4,7,High Inflow,86,5,79,97
2023-02-07,21,Tuesday,0,27,1,6,D5,Orthopedics,Evening,3,7,High Inflow,88,2,69,68
2023-02-07,21,Tuesday,0,27,1,6,D6,Cardiology,Evening,3,7,High Inflow,89,4,70,85
2023-02-07,22,Tuesday,0,27,0,6,D10,General,Night,5,7,High Inflow,70,5,95,67
2023-02-07,22,Tuesday,0,27,0,6,D10,Orthopedics,Night,5,7,High Inflow,91,10,77,64
2023-02-07,22,Tuesday,0,27,0,6,D6,Pediatrics,Night,5,7,High Inflow,79,6,96,76
2023-02-07,22,Tuesday,0,27,0,6,D2,Cardiology,Night,5,7,High Inflow,99,7,87,96
2023-02-07,22,Tuesday,0,27,0,6,D4,Emergency,Night,4,7,High Inflow,96,5,63,80
2023-02-07,22,Tuesday,0,27,0,6,D6,General,Night,3,7,High Inflow,75,5,69,65
2023-02-07,23,Tuesday,0,27,3,6,D4,Pediatrics,Night,4,7,High Inflow,74,2,71,86
2023-02-07,23,Tuesday,0,27,3,6,D6,Orthopedics,Night,3,7,High Inflow,99,6,89,90
2023-02-07,23,Tuesday,0,27,3,6,D2,Emergency,Night,3,7,High Inflow,95,2,58,68
2023-02-07,23,Tuesday,0,27,3,6,D4,Cardiology,Night,4,7,High Inflow,84,6,87,66
2023-02-07,23,Tuesday,0,27,3,6,D4,General,Night,3,7,High Inflow,92,4,94,69
2023-02-07,23,Tuesday,0,27,3,6,D9,Emergency,Night,4,7,High Inflow,87,3,89,96
